Model,Avg Similarity,Inference Time (ms),Model Size (MB),Embedding Dimension,Topsis Score,Rank
all-MiniLM-L6-v2,0.571352756023407,483.4578037261963,22.713216,384,0.726902990384242,2
all-mpnet-base-v2,0.5247598499059677,1665.081262588501,109.486464,768,0.6915110285383186,4
paraphrase-MiniLM-L6-v2,0.5311229724436999,337.13626861572266,22.713216,384,0.7232060619732855,3
sentence-t5-base,0.853555154800415,1534.7349643707275,110.218368,768,0.7507626446046698,1
stsb-roberta-large,0.4375650897622108,5861.428260803223,355.359744,1024,0.24199633683293334,5
